n,insert_time,find_time,delete_time,bst_height,avl_height,height_diff
100,0.00017189979553222656,0.00011801719665527344,0.00014090538024902344,13,6,7
1000,0.0030088424682617188,0.002167940139770508,0.0027060508728027344,20,9,11
5000,0.01740097999572754,0.014232158660888672,0.015604972839355469,27,12,15
